participant_id,session_timestamp,game,round_timestamp,is_test,latency_ms,has_qoe,has_kb,has_mouse,has_score,has_results,has_replay,round_path
1,2026-01-23_15-13-43,dave_the_diver,2026-01-23_15-19-01_150ms,False,150.0,True,True,True,True,False,False,../experiment/1/2026-01-23_15-13-43/dave_the_diver/2026-01-23_15-19-01_150ms
1,2026-01-23_15-13-43,dave_the_diver,2026-01-23_15-15-54_0ms,False,0.0,True,True,True,True,False,False,../experiment/1/2026-01-23_15-13-43/dave_the_diver/2026-01-23_15-15-54_0ms
1,2026-01-23_15-13-43,dave_the_diver,2026-01-23_15-17-30_75ms,False,75.0,True,True,True,True,False,False,../experiment/1/2026-01-23_15-13-43/dave_the_diver/2026-01-23_15-17-30_75ms
1,2026-01-23_15-13-43,dave_the_diver,2026-01-23_15-13-46_test,True,,True,False,False,True,False,False,../experiment/1/2026-01-23_15-13-43/dave_the_diver/2026-01-23_15-13-46_test
1,2026-01-23_15-13-43,dave_the_diver,2026-01-23_15-20-32_225ms,False,225.0,True,True,True,True,False,False,../experiment/1/2026-01-23_15-13-43/dave_the_diver/2026-01-23_15-20-32_225ms
1,2026-01-23_15-13-43,half_life_2,2026-01-23_15-23-51_75ms,False,75.0,True,True,True,True,False,False,../experiment/1/2026-01-23_15-13-43/half_life_2/2026-01-23_15-23-51_75ms
1,2026-01-23_15-13-43,half_life_2,2026-01-23_15-23-08_0ms,False,0.0,True,True,True,True,False,False,../experiment/1/2026-01-23_15-13-43/half_life_2/2026-01-23_15-23-08_0ms
1,2026-01-23_15-13-43,half_life_2,2026-01-23_15-24-33_150ms,False,150.0,True,True,True,True,False,False,../experiment/1/2026-01-23_15-13-43/half_life_2/2026-01-23_15-24-33_150ms
1,2026-01-23_15-13-43,half_life_2,2026-01-23_15-22-10_test,True,,True,False,False,True,False,False,../experiment/1/2026-01-23_15-13-43/half_life_2/2026-01-23_15-22-10_test
1,2026-01-23_15-13-43,half_life_2,2026-01-23_15-25-12_225ms,False,225.0,True,True,True,True,False,False,../experiment/1/2026-01-23_15-13-43/half_life_2/2026-01-23_15-25-12_225ms
1,2026-01-23_15-13-43,fitts_law,2026-01-23_14-56-41_0ms,False,0.0,True,True,True,False,True,False,../experiment/1/2026-01-23_15-13-43/fitts_law/2026-01-23_14-56-41_0ms
1,2026-01-23_15-13-43,fitts_law,2026-01-23_14-58-24_150ms,False,150.0,True,True,True,False,True,False,../experiment/1/2026-01-23_15-13-43/fitts_law/2026-01-23_14-58-24_150ms
1,2026-01-23_15-13-43,fitts_law,2026-01-23_14-59-07_225ms,False,225.0,True,True,True,False,True,False,../experiment/1/2026-01-23_15-13-43/fitts_law/2026-01-23_14-59-07_225ms
1,2026-01-23_15-13-43,fitts_law,2026-01-23_14-55-51_test,True,,True,False,False,False,True,False,../experiment/1/2026-01-23_15-13-43/fitts_law/2026-01-23_14-55-51_test
1,2026-01-23_15-13-43,fitts_law,2026-01-23_14-57-26_75ms,False,75.0,True,True,True,False,True,False,../experiment/1/2026-01-23_15-13-43/fitts_law/2026-01-23_14-57-26_75ms
1,2026-01-23_15-13-43,feeding_frenzy,2026-01-23_15-01-04_0ms,False,0.0,True,True,True,True,False,False,../experiment/1/2026-01-23_15-13-43/feeding_frenzy/2026-01-23_15-01-04_0ms
1,2026-01-23_15-13-43,feeding_frenzy,2026-01-23_14-59-54_test,True,,True,False,False,True,False,False,../experiment/1/2026-01-23_15-13-43/feeding_frenzy/2026-01-23_14-59-54_test
1,2026-01-23_15-13-43,feeding_frenzy,2026-01-23_15-02-46_150ms,False,150.0,True,True,True,True,False,False,../experiment/1/2026-01-23_15-13-43/feeding_frenzy/2026-01-23_15-02-46_150ms
1,2026-01-23_15-13-43,feeding_frenzy,2026-01-23_15-01-57_75ms,False,75.0,True,True,True,True,False,False,../experiment/1/2026-01-23_15-13-43/feeding_frenzy/2026-01-23_15-01-57_75ms
1,2026-01-23_15-13-43,feeding_frenzy,2026-01-23_15-03-38_225ms,False,225.0,True,True,True,True,False,False,../experiment/1/2026-01-23_15-13-43/feeding_frenzy/2026-01-23_15-03-38_225ms
10,2026-01-28_15-17-32,half_life_2,2026-01-28_15-09-22_75ms,False,75.0,True,True,True,True,False,False,../experiment/10/2026-01-28_15-17-32/half_life_2/2026-01-28_15-09-22_75ms
10,2026-01-28_15-17-32,half_life_2,2026-01-28_15-08-25_test,True,,True,False,False,True,False,False,../experiment/10/2026-01-28_15-17-32/half_life_2/2026-01-28_15-08-25_test
10,2026-01-28_15-17-32,half_life_2,2026-01-28_15-09-59_150ms,False,150.0,True,True,True,True,False,False,../experiment/10/2026-01-28_15-17-32/half_life_2/2026-01-28_15-09-59_150ms
10,2026-01-28_15-17-32,half_life_2,2026-01-28_15-11-11_0ms,False,0.0,True,True,True,True,False,False,../experiment/10/2026-01-28_15-17-32/half_life_2/2026-01-28_15-11-11_0ms
10,2026-01-28_15-17-32,half_life_2,2026-01-28_15-10-35_225ms,False,225.0,True,True,True,True,False,False,../experiment/10/2026-01-28_15-17-32/half_life_2/2026-01-28_15-10-35_225ms
10,2026-01-28_15-17-32,fitts_law,2026-01-28_15-11-49_test,True,,True,False,False,False,True,False,../experiment/10/2026-01-28_15-17-32/fitts_law/2026-01-28_15-11-49_test
10,2026-01-28_15-17-32,fitts_law,2026-01-28_15-14-01_225ms,False,225.0,True,True,True,False,True,False,../experiment/10/2026-01-28_15-17-32/fitts_law/2026-01-28_15-14-01_225ms
10,2026-01-28_15-17-32,fitts_law,2026-01-28_15-14-42_0ms,False,0.0,True,True,True,False,True,False,../experiment/10/2026-01-28_15-17-32/fitts_law/2026-01-28_15-14-42_0ms
10,2026-01-28_15-17-32,fitts_law,2026-01-28_15-13-18_150ms,False,150.0,True,True,True,False,True,False,../experiment/10/2026-01-28_15-17-32/fitts_law/2026-01-28_15-13-18_150ms
10,2026-01-28_15-17-32,fitts_law,2026-01-28_15-12-34_75ms,False,75.0,True,True,True,False,True,False,../experiment/10/2026-01-28_15-17-32/fitts_law/2026-01-28_15-12-34_75ms
10,2026-01-28_15-17-32,feeding_frenzy,2026-01-28_15-20-57_0ms,False,0.0,True,True,True,True,False,False,../experiment/10/2026-01-28_15-17-32/feeding_frenzy/2026-01-28_15-20-57_0ms
10,2026-01-28_15-17-32,feeding_frenzy,2026-01-28_15-18-28_75ms,False,75.0,True,True,True,True,False,False,../experiment/10/2026-01-28_15-17-32/feeding_frenzy/2026-01-28_15-18-28_75ms
10,2026-01-28_15-17-32,feeding_frenzy,2026-01-28_15-17-34_test,True,,True,False,False,True,False,False,../experiment/10/2026-01-28_15-17-32/feeding_frenzy/2026-01-28_15-17-34_test
10,2026-01-28_15-17-32,feeding_frenzy,2026-01-28_15-20-06_225ms,False,225.0,True,True,True,True,False,False,../experiment/10/2026-01-28_15-17-32/feeding_frenzy/2026-01-28_15-20-06_225ms
10,2026-01-28_15-17-32,feeding_frenzy,2026-01-28_15-19-17_150ms,False,150.0,True,True,True,True,False,False,../experiment/10/2026-01-28_15-17-32/feeding_frenzy/2026-01-28_15-19-17_150ms
11,2026-01-28_17-03-17,dave_the_diver,2026-01-28_16-48-31_0ms,False,0.0,True,True,True,True,False,False,../experiment/11/2026-01-28_17-03-17/dave_the_diver/2026-01-28_16-48-31_0ms
11,2026-01-28_17-03-17,dave_the_diver,2026-01-28_16-46-56_225ms,False,225.0,True,True,True,True,False,False,../experiment/11/2026-01-28_17-03-17/dave_the_diver/2026-01-28_16-46-56_225ms
11,2026-01-28_17-03-17,dave_the_diver,2026-01-28_16-45-27_150ms,False,150.0,True,True,True,True,False,False,../experiment/11/2026-01-28_17-03-17/dave_the_diver/2026-01-28_16-45-27_150ms
11,2026-01-28_17-03-17,dave_the_diver,2026-01-28_16-50-00_75ms,False,75.0,True,True,True,True,False,False,../experiment/11/2026-01-28_17-03-17/dave_the_diver/2026-01-28_16-50-00_75ms
11,2026-01-28_17-03-17,dave_the_diver,2026-01-28_16-43-24_test,True,,True,False,False,True,False,False,../experiment/11/2026-01-28_17-03-17/dave_the_diver/2026-01-28_16-43-24_test
11,2026-01-28_17-03-17,rocket_league,2026-01-28_16-39-31_0ms,False,0.0,True,True,True,False,False,True,../experiment/11/2026-01-28_17-03-17/rocket_league/2026-01-28_16-39-31_0ms
11,2026-01-28_17-03-17,rocket_league,2026-01-28_16-41-27_75ms,False,75.0,True,True,True,False,False,True,../experiment/11/2026-01-28_17-03-17/rocket_league/2026-01-28_16-41-27_75ms
11,2026-01-28_17-03-17,rocket_league,2026-01-28_16-37-34_225ms,False,225.0,True,True,True,False,False,True,../experiment/11/2026-01-28_17-03-17/rocket_league/2026-01-28_16-37-34_225ms
11,2026-01-28_17-03-17,rocket_league,2026-01-28_16-35-35_150ms,False,150.0,True,True,True,False,False,True,../experiment/11/2026-01-28_17-03-17/rocket_league/2026-01-28_16-35-35_150ms
11,2026-01-28_17-03-17,rocket_league,2026-01-28_16-33-09_test,True,,True,False,False,False,False,True,../experiment/11/2026-01-28_17-03-17/rocket_league/2026-01-28_16-33-09_test
11,2026-01-28_17-03-17,half_life_2,2026-01-28_16-52-58_225ms,False,225.0,True,True,True,True,False,False,../experiment/11/2026-01-28_17-03-17/half_life_2/2026-01-28_16-52-58_225ms
11,2026-01-28_17-03-17,half_life_2,2026-01-28_16-53-34_0ms,False,0.0,True,True,True,True,False,False,../experiment/11/2026-01-28_17-03-17/half_life_2/2026-01-28_16-53-34_0ms
11,2026-01-28_17-03-17,half_life_2,2026-01-28_16-52-21_150ms,False,150.0,True,True,True,True,False,False,../experiment/11/2026-01-28_17-03-17/half_life_2/2026-01-28_16-52-21_150ms
11,2026-01-28_17-03-17,half_life_2,2026-01-28_16-54-13_75ms,False,75.0,True,True,True,True,False,False,../experiment/11/2026-01-28_17-03-17/half_life_2/2026-01-28_16-54-13_75ms
11,2026-01-28_17-03-17,half_life_2,2026-01-28_16-51-29_test,True,,True,False,False,True,False,False,../experiment/11/2026-01-28_17-03-17/half_life_2/2026-01-28_16-51-29_test
11,2026-01-28_17-03-17,fitts_law,2026-01-28_16-57-36_75ms,False,75.0,True,True,True,False,True,False,../experiment/11/2026-01-28_17-03-17/fitts_law/2026-01-28_16-57-36_75ms
11,2026-01-28_17-03-17,fitts_law,2026-01-28_16-56-57_0ms,False,0.0,True,True,True,False,True,False,../experiment/11/2026-01-28_17-03-17/fitts_law/2026-01-28_16-56-57_0ms
11,2026-01-28_17-03-17,fitts_law,2026-01-28_16-54-53_test,True,,True,False,False,False,True,False,../experiment/11/2026-01-28_17-03-17/fitts_law/2026-01-28_16-54-53_test
11,2026-01-28_17-03-17,fitts_law,2026-01-28_16-56-19_225ms,False,225.0,True,True,True,False,True,False,../experiment/11/2026-01-28_17-03-17/fitts_law/2026-01-28_16-56-19_225ms
11,2026-01-28_17-03-17,fitts_law,2026-01-28_16-55-35_150ms,False,150.0,True,True,True,False,True,False,../experiment/11/2026-01-28_17-03-17/fitts_law/2026-01-28_16-55-35_150ms
11,2026-01-28_17-03-17,feeding_frenzy,2026-01-28_17-05-16_225ms,False,225.0,True,True,True,True,False,False,../experiment/11/2026-01-28_17-03-17/feeding_frenzy/2026-01-28_17-05-16_225ms
11,2026-01-28_17-03-17,feeding_frenzy,2026-01-28_17-06-54_75ms,False,75.0,True,True,True,True,False,False,../experiment/11/2026-01-28_17-03-17/feeding_frenzy/2026-01-28_17-06-54_75ms
11,2026-01-28_17-03-17,feeding_frenzy,2026-01-28_17-03-22_test,True,,True,False,False,True,False,False,../experiment/11/2026-01-28_17-03-17/feeding_frenzy/2026-01-28_17-03-22_test
11,2026-01-28_17-03-17,feeding_frenzy,2026-01-28_17-04-23_150ms,False,150.0,True,True,True,True,False,False,../experiment/11/2026-01-28_17-03-17/feeding_frenzy/2026-01-28_17-04-23_150ms
11,2026-01-28_17-03-17,feeding_frenzy,2026-01-28_17-06-04_0ms,False,0.0,True,True,True,True,False,False,../experiment/11/2026-01-28_17-03-17/feeding_frenzy/2026-01-28_17-06-04_0ms
12,2026-01-28_17-17-45,dave_the_diver,2026-01-28_17-33-43_75ms,False,75.0,True,True,True,True,False,False,../experiment/12/2026-01-28_17-17-45/dave_the_diver/2026-01-28_17-33-43_75ms
12,2026-01-28_17-17-45,dave_the_diver,2026-01-28_17-32-09_0ms,False,0.0,True,True,True,True,False,False,../experiment/12/2026-01-28_17-17-45/dave_the_diver/2026-01-28_17-32-09_0ms
12,2026-01-28_17-17-45,dave_the_diver,2026-01-28_17-35-10_150ms,False,150.0,True,True,True,True,False,False,../experiment/12/2026-01-28_17-17-45/dave_the_diver/2026-01-28_17-35-10_150ms
12,2026-01-28_17-17-45,dave_the_diver,2026-01-28_17-30-41_225ms,False,225.0,True,True,True,True,False,False,../experiment/12/2026-01-28_17-17-45/dave_the_diver/2026-01-28_17-30-41_225ms
12,2026-01-28_17-17-45,dave_the_diver,2026-01-28_17-28-26_test,True,,True,False,False,True,False,False,../experiment/12/2026-01-28_17-17-45/dave_the_diver/2026-01-28_17-28-26_test
12,2026-01-28_17-17-45,rocket_league,2026-01-28_17-20-25_225ms,False,225.0,True,True,True,False,False,True,../experiment/12/2026-01-28_17-17-45/rocket_league/2026-01-28_17-20-25_225ms
12,2026-01-28_17-17-45,rocket_league,2026-01-28_17-17-51_test,True,,True,False,False,False,False,True,../experiment/12/2026-01-28_17-17-45/rocket_league/2026-01-28_17-17-51_test
12,2026-01-28_17-17-45,rocket_league,2026-01-28_17-22-25_0ms,False,0.0,True,True,True,False,False,True,../experiment/12/2026-01-28_17-17-45/rocket_league/2026-01-28_17-22-25_0ms
12,2026-01-28_17-17-45,rocket_league,2026-01-28_17-24-27_75ms,False,75.0,True,True,True,False,False,True,../experiment/12/2026-01-28_17-17-45/rocket_league/2026-01-28_17-24-27_75ms
12,2026-01-28_17-17-45,rocket_league,2026-01-28_17-26-24_150ms,False,150.0,True,True,True,False,False,True,../experiment/12/2026-01-28_17-17-45/rocket_league/2026-01-28_17-26-24_150ms
12,2026-01-28_17-17-45,half_life_2,2026-01-28_17-37-39_225ms,False,225.0,True,True,True,True,False,False,../experiment/12/2026-01-28_17-17-45/half_life_2/2026-01-28_17-37-39_225ms
12,2026-01-28_17-17-45,half_life_2,2026-01-28_17-38-18_0ms,False,0.0,True,True,True,True,False,False,../experiment/12/2026-01-28_17-17-45/half_life_2/2026-01-28_17-38-18_0ms
12,2026-01-28_17-17-45,half_life_2,2026-01-28_17-39-00_75ms,False,75.0,True,True,True,True,False,False,../experiment/12/2026-01-28_17-17-45/half_life_2/2026-01-28_17-39-00_75ms
12,2026-01-28_17-17-45,half_life_2,2026-01-28_17-39-40_150ms,False,150.0,True,True,True,True,False,False,../experiment/12/2026-01-28_17-17-45/half_life_2/2026-01-28_17-39-40_150ms
12,2026-01-28_17-17-45,half_life_2,2026-01-28_17-36-40_test,True,,True,False,False,True,False,False,../experiment/12/2026-01-28_17-17-45/half_life_2/2026-01-28_17-36-40_test
12,2026-01-28_17-17-45,fitts_law,2026-01-28_17-40-28_test,True,,True,False,False,False,True,False,../experiment/12/2026-01-28_17-17-45/fitts_law/2026-01-28_17-40-28_test
12,2026-01-28_17-17-45,fitts_law,2026-01-28_17-41-56_0ms,False,0.0,True,True,True,False,True,False,../experiment/12/2026-01-28_17-17-45/fitts_law/2026-01-28_17-41-56_0ms
12,2026-01-28_17-17-45,fitts_law,2026-01-28_17-43-19_150ms,False,150.0,True,True,True,False,True,False,../experiment/12/2026-01-28_17-17-45/fitts_law/2026-01-28_17-43-19_150ms
12,2026-01-28_17-17-45,fitts_law,2026-01-28_17-41-15_225ms,False,225.0,True,True,True,False,True,False,../experiment/12/2026-01-28_17-17-45/fitts_law/2026-01-28_17-41-15_225ms
12,2026-01-28_17-17-45,fitts_law,2026-01-28_17-42-37_75ms,False,75.0,True,True,True,False,True,False,../experiment/12/2026-01-28_17-17-45/fitts_law/2026-01-28_17-42-37_75ms
12,2026-01-28_17-17-45,feeding_frenzy,2026-01-28_17-47-33_150ms,False,150.0,True,True,True,True,False,False,../experiment/12/2026-01-28_17-17-45/feeding_frenzy/2026-01-28_17-47-33_150ms
12,2026-01-28_17-17-45,feeding_frenzy,2026-01-28_17-44-01_test,True,,True,False,False,True,False,False,../experiment/12/2026-01-28_17-17-45/feeding_frenzy/2026-01-28_17-44-01_test
12,2026-01-28_17-17-45,feeding_frenzy,2026-01-28_17-46-42_75ms,False,75.0,True,True,True,True,False,False,../experiment/12/2026-01-28_17-17-45/feeding_frenzy/2026-01-28_17-46-42_75ms
12,2026-01-28_17-17-45,feeding_frenzy,2026-01-28_17-45-52_0ms,False,0.0,True,True,True,True,False,False,../experiment/12/2026-01-28_17-17-45/feeding_frenzy/2026-01-28_17-45-52_0ms
12,2026-01-28_17-17-45,feeding_frenzy,2026-01-28_17-45-02_225ms,False,225.0,True,True,True,True,False,False,../experiment/12/2026-01-28_17-17-45/feeding_frenzy/2026-01-28_17-45-02_225ms
13,2026-01-29_14-42-01,rocket_league,2026-01-29_14-42-05_test,True,,False,False,False,False,False,False,../experiment/13/2026-01-29_14-42-01/rocket_league/2026-01-29_14-42-05_test
13,2026-01-29_14-44-52,rocket_league,2026-01-29_14-47-32_0ms,False,0.0,False,False,False,False,False,False,../experiment/13/2026-01-29_14-44-52/rocket_league/2026-01-29_14-47-32_0ms
13,2026-01-29_14-44-52,rocket_league,2026-01-29_14-44-53_test,True,,True,False,False,False,False,False,../experiment/13/2026-01-29_14-44-52/rocket_league/2026-01-29_14-44-53_test
13,2026-01-29_14-08-21,dave_the_diver,2026-01-29_14-12-07_75ms,False,75.0,True,True,True,True,False,False,../experiment/13/2026-01-29_14-08-21/dave_the_diver/2026-01-29_14-12-07_75ms
13,2026-01-29_14-08-21,dave_the_diver,2026-01-29_14-13-35_150ms,False,150.0,True,True,True,True,False,False,../experiment/13/2026-01-29_14-08-21/dave_the_diver/2026-01-29_14-13-35_150ms
13,2026-01-29_14-08-21,dave_the_diver,2026-01-29_14-15-02_225ms,False,225.0,True,True,True,True,False,False,../experiment/13/2026-01-29_14-08-21/dave_the_diver/2026-01-29_14-15-02_225ms
13,2026-01-29_14-08-21,dave_the_diver,2026-01-29_14-10-40_0ms,False,0.0,True,True,True,True,False,False,../experiment/13/2026-01-29_14-08-21/dave_the_diver/2026-01-29_14-10-40_0ms
13,2026-01-29_14-08-21,dave_the_diver,2026-01-29_14-08-29_test,True,,True,False,False,True,False,False,../experiment/13/2026-01-29_14-08-21/dave_the_diver/2026-01-29_14-08-29_test
13,2026-01-29_14-08-21,rocket_league,2026-01-29_14-28-59_test,True,,False,False,False,False,False,False,../experiment/13/2026-01-29_14-08-21/rocket_league/2026-01-29_14-28-59_test
13,2026-01-29_14-08-21,half_life_2,2026-01-29_14-17-33_0ms,False,0.0,True,True,True,True,False,False,../experiment/13/2026-01-29_14-08-21/half_life_2/2026-01-29_14-17-33_0ms
13,2026-01-29_14-08-21,half_life_2,2026-01-29_14-18-12_75ms,False,75.0,True,True,True,True,False,False,../experiment/13/2026-01-29_14-08-21/half_life_2/2026-01-29_14-18-12_75ms
13,2026-01-29_14-08-21,half_life_2,2026-01-29_14-18-56_150ms,False,150.0,True,True,True,True,False,False,../experiment/13/2026-01-29_14-08-21/half_life_2/2026-01-29_14-18-56_150ms
13,2026-01-29_14-08-21,half_life_2,2026-01-29_14-19-33_225ms,False,225.0,True,True,True,True,False,False,../experiment/13/2026-01-29_14-08-21/half_life_2/2026-01-29_14-19-33_225ms
13,2026-01-29_14-08-21,half_life_2,2026-01-29_14-16-32_test,True,,True,False,False,True,False,False,../experiment/13/2026-01-29_14-08-21/half_life_2/2026-01-29_14-16-32_test
13,2026-01-29_14-08-21,fitts_law,2026-01-29_14-21-45_75ms,False,75.0,True,True,True,False,True,False,../experiment/13/2026-01-29_14-08-21/fitts_law/2026-01-29_14-21-45_75ms
13,2026-01-29_14-08-21,fitts_law,2026-01-29_14-22-27_150ms,False,150.0,True,True,True,False,True,False,../experiment/13/2026-01-29_14-08-21/fitts_law/2026-01-29_14-22-27_150ms
13,2026-01-29_14-08-21,fitts_law,2026-01-29_14-20-18_test,True,,True,False,False,False,True,False,../experiment/13/2026-01-29_14-08-21/fitts_law/2026-01-29_14-20-18_test
13,2026-01-29_14-08-21,fitts_law,2026-01-29_14-23-09_225ms,False,225.0,True,True,True,False,True,False,../experiment/13/2026-01-29_14-08-21/fitts_law/2026-01-29_14-23-09_225ms
13,2026-01-29_14-08-21,fitts_law,2026-01-29_14-21-01_0ms,False,0.0,True,True,True,False,True,False,../experiment/13/2026-01-29_14-08-21/fitts_law/2026-01-29_14-21-01_0ms
13,2026-01-29_14-08-21,feeding_frenzy,2026-01-29_14-28-03_225ms,False,225.0,True,True,True,True,False,False,../experiment/13/2026-01-29_14-08-21/feeding_frenzy/2026-01-29_14-28-03_225ms
13,2026-01-29_14-08-21,feeding_frenzy,2026-01-29_14-27-13_150ms,False,150.0,True,True,True,True,False,False,../experiment/13/2026-01-29_14-08-21/feeding_frenzy/2026-01-29_14-27-13_150ms
13,2026-01-29_14-08-21,feeding_frenzy,2026-01-29_14-26-18_75ms,False,75.0,True,True,True,True,False,False,../experiment/13/2026-01-29_14-08-21/feeding_frenzy/2026-01-29_14-26-18_75ms
13,2026-01-29_14-08-21,feeding_frenzy,2026-01-29_14-25-20_0ms,False,0.0,True,True,True,True,False,False,../experiment/13/2026-01-29_14-08-21/feeding_frenzy/2026-01-29_14-25-20_0ms
13,2026-01-29_14-08-21,feeding_frenzy,2026-01-29_14-23-51_test,True,,True,False,False,True,False,False,../experiment/13/2026-01-29_14-08-21/feeding_frenzy/2026-01-29_14-23-51_test
13,2026-01-29_14-36-54,rocket_league,2026-01-29_14-36-57_test,True,,False,False,False,False,False,False,../experiment/13/2026-01-29_14-36-54/rocket_league/2026-01-29_14-36-57_test
14,2026-01-29_16-35-33,dave_the_diver,2026-01-29_16-35-36_test,True,,True,False,False,True,False,False,../experiment/14/2026-01-29_16-35-33/dave_the_diver/2026-01-29_16-35-36_test
14,2026-01-29_16-35-33,dave_the_diver,2026-01-29_16-39-10_150ms,False,150.0,True,True,True,True,False,False,../experiment/14/2026-01-29_16-35-33/dave_the_diver/2026-01-29_16-39-10_150ms
14,2026-01-29_16-35-33,dave_the_diver,2026-01-29_16-40-39_225ms,False,225.0,True,True,True,True,False,False,../experiment/14/2026-01-29_16-35-33/dave_the_diver/2026-01-29_16-40-39_225ms
14,2026-01-29_16-35-33,dave_the_diver,2026-01-29_16-37-42_75ms,False,75.0,True,True,True,True,False,False,../experiment/14/2026-01-29_16-35-33/dave_the_diver/2026-01-29_16-37-42_75ms
14,2026-01-29_16-35-33,dave_the_diver,2026-01-29_16-42-08_0ms,False,0.0,True,True,True,True,False,False,../experiment/14/2026-01-29_16-35-33/dave_the_diver/2026-01-29_16-42-08_0ms
14,2026-01-29_16-35-33,rocket_league,2026-01-29_17-01-27_225ms,False,225.0,True,True,True,False,False,True,../experiment/14/2026-01-29_16-35-33/rocket_league/2026-01-29_17-01-27_225ms
14,2026-01-29_16-35-33,rocket_league,2026-01-29_16-59-32_150ms,False,150.0,True,True,True,False,False,True,../experiment/14/2026-01-29_16-35-33/rocket_league/2026-01-29_16-59-32_150ms
14,2026-01-29_16-35-33,rocket_league,2026-01-29_16-55-21_test,True,,True,False,False,False,False,True,../experiment/14/2026-01-29_16-35-33/rocket_league/2026-01-29_16-55-21_test
14,2026-01-29_16-35-33,rocket_league,2026-01-29_16-57-36_75ms,False,75.0,True,True,True,False,False,True,../experiment/14/2026-01-29_16-35-33/rocket_league/2026-01-29_16-57-36_75ms
14,2026-01-29_16-35-33,rocket_league,2026-01-29_17-03-23_0ms,False,0.0,True,True,True,False,False,True,../experiment/14/2026-01-29_16-35-33/rocket_league/2026-01-29_17-03-23_0ms
14,2026-01-29_16-35-33,half_life_2,2026-01-29_16-44-44_75ms,False,75.0,True,True,True,True,False,False,../experiment/14/2026-01-29_16-35-33/half_life_2/2026-01-29_16-44-44_75ms
14,2026-01-29_16-35-33,half_life_2,2026-01-29_16-45-58_225ms,False,225.0,True,True,True,True,False,False,../experiment/14/2026-01-29_16-35-33/half_life_2/2026-01-29_16-45-58_225ms
14,2026-01-29_16-35-33,half_life_2,2026-01-29_16-45-21_150ms,False,150.0,True,True,True,True,False,False,../experiment/14/2026-01-29_16-35-33/half_life_2/2026-01-29_16-45-21_150ms
14,2026-01-29_16-35-33,half_life_2,2026-01-29_16-43-38_test,True,,True,False,False,True,False,False,../experiment/14/2026-01-29_16-35-33/half_life_2/2026-01-29_16-43-38_test
14,2026-01-29_16-35-33,half_life_2,2026-01-29_16-46-36_0ms,False,0.0,True,True,True,True,False,False,../experiment/14/2026-01-29_16-35-33/half_life_2/2026-01-29_16-46-36_0ms
14,2026-01-29_16-35-33,fitts_law,2026-01-29_16-47-17_test,True,,True,False,False,False,True,False,../experiment/14/2026-01-29_16-35-33/fitts_law/2026-01-29_16-47-17_test
14,2026-01-29_16-35-33,fitts_law,2026-01-29_16-50-08_0ms,False,0.0,True,True,True,False,True,False,../experiment/14/2026-01-29_16-35-33/fitts_law/2026-01-29_16-50-08_0ms
14,2026-01-29_16-35-33,fitts_law,2026-01-29_16-48-00_75ms,False,75.0,True,True,True,False,True,False,../experiment/14/2026-01-29_16-35-33/fitts_law/2026-01-29_16-48-00_75ms
14,2026-01-29_16-35-33,fitts_law,2026-01-29_16-48-46_150ms,False,150.0,True,True,True,False,True,False,../experiment/14/2026-01-29_16-35-33/fitts_law/2026-01-29_16-48-46_150ms
14,2026-01-29_16-35-33,fitts_law,2026-01-29_16-49-27_225ms,False,225.0,True,True,True,False,True,False,../experiment/14/2026-01-29_16-35-33/fitts_law/2026-01-29_16-49-27_225ms
14,2026-01-29_16-35-33,feeding_frenzy,2026-01-29_16-54-32_0ms,False,0.0,True,True,True,True,False,False,../experiment/14/2026-01-29_16-35-33/feeding_frenzy/2026-01-29_16-54-32_0ms
14,2026-01-29_16-35-33,feeding_frenzy,2026-01-29_16-51-58_75ms,False,75.0,True,True,True,True,False,False,../experiment/14/2026-01-29_16-35-33/feeding_frenzy/2026-01-29_16-51-58_75ms
14,2026-01-29_16-35-33,feeding_frenzy,2026-01-29_16-53-43_225ms,False,225.0,True,True,True,True,False,False,../experiment/14/2026-01-29_16-35-33/feeding_frenzy/2026-01-29_16-53-43_225ms
14,2026-01-29_16-35-33,feeding_frenzy,2026-01-29_16-52-53_150ms,False,150.0,True,True,True,True,False,False,../experiment/14/2026-01-29_16-35-33/feeding_frenzy/2026-01-29_16-52-53_150ms
14,2026-01-29_16-35-33,feeding_frenzy,2026-01-29_16-50-50_test,True,,True,False,False,True,False,False,../experiment/14/2026-01-29_16-35-33/feeding_frenzy/2026-01-29_16-50-50_test
15,2026-01-29_18-59-27,rocket_league,2026-01-29_19-12-07_75ms,False,75.0,True,True,True,False,False,True,../experiment/15/2026-01-29_18-59-27/rocket_league/2026-01-29_19-12-07_75ms
15,2026-01-29_18-59-27,rocket_league,2026-01-29_19-10-09_0ms,False,0.0,True,True,True,False,False,True,../experiment/15/2026-01-29_18-59-27/rocket_league/2026-01-29_19-10-09_0ms
15,2026-01-29_18-59-27,rocket_league,2026-01-29_19-06-15_150ms,False,150.0,True,True,True,False,False,True,../experiment/15/2026-01-29_18-59-27/rocket_league/2026-01-29_19-06-15_150ms
15,2026-01-29_18-59-27,rocket_league,2026-01-29_19-03-50_test,True,,True,False,False,False,False,True,../experiment/15/2026-01-29_18-59-27/rocket_league/2026-01-29_19-03-50_test
15,2026-01-29_18-59-27,rocket_league,2026-01-29_19-08-12_225ms,False,225.0,True,True,True,False,False,True,../experiment/15/2026-01-29_18-59-27/rocket_league/2026-01-29_19-08-12_225ms
15,2026-01-29_18-59-27,feeding_frenzy,2026-01-29_19-02-05_0ms,False,0.0,True,True,True,True,False,False,../experiment/15/2026-01-29_18-59-27/feeding_frenzy/2026-01-29_19-02-05_0ms
15,2026-01-29_18-59-27,feeding_frenzy,2026-01-29_19-01-13_225ms,False,225.0,True,True,True,True,False,False,../experiment/15/2026-01-29_18-59-27/feeding_frenzy/2026-01-29_19-01-13_225ms
15,2026-01-29_18-59-27,feeding_frenzy,2026-01-29_19-02-58_75ms,False,75.0,True,True,True,True,False,False,../experiment/15/2026-01-29_18-59-27/feeding_frenzy/2026-01-29_19-02-58_75ms
15,2026-01-29_18-59-27,feeding_frenzy,2026-01-29_18-59-29_test,True,,True,False,False,True,False,False,../experiment/15/2026-01-29_18-59-27/feeding_frenzy/2026-01-29_18-59-29_test
15,2026-01-29_18-59-27,feeding_frenzy,2026-01-29_19-00-23_150ms,False,150.0,True,True,True,True,False,False,../experiment/15/2026-01-29_18-59-27/feeding_frenzy/2026-01-29_19-00-23_150ms
15,2026-01-29_18-38-20,dave_the_diver,2026-01-29_18-47-26_75ms,False,75.0,True,True,True,True,False,False,../experiment/15/2026-01-29_18-38-20/dave_the_diver/2026-01-29_18-47-26_75ms
15,2026-01-29_18-38-20,dave_the_diver,2026-01-29_18-40-23_test,True,,True,False,False,True,False,False,../experiment/15/2026-01-29_18-38-20/dave_the_diver/2026-01-29_18-40-23_test
15,2026-01-29_18-38-20,dave_the_diver,2026-01-29_18-45-38_0ms,False,0.0,True,True,True,True,False,False,../experiment/15/2026-01-29_18-38-20/dave_the_diver/2026-01-29_18-45-38_0ms
15,2026-01-29_18-38-20,dave_the_diver,2026-01-29_18-42-30_150ms,False,150.0,True,True,True,True,False,False,../experiment/15/2026-01-29_18-38-20/dave_the_diver/2026-01-29_18-42-30_150ms
15,2026-01-29_18-38-20,dave_the_diver,2026-01-29_18-44-08_225ms,False,225.0,True,True,True,True,False,False,../experiment/15/2026-01-29_18-38-20/dave_the_diver/2026-01-29_18-44-08_225ms
15,2026-01-29_18-38-20,half_life_2,2026-01-29_18-48-54_test,True,,True,False,False,True,False,False,../experiment/15/2026-01-29_18-38-20/half_life_2/2026-01-29_18-48-54_test
15,2026-01-29_18-38-20,half_life_2,2026-01-29_18-52-11_225ms,False,225.0,True,True,True,True,False,False,../experiment/15/2026-01-29_18-38-20/half_life_2/2026-01-29_18-52-11_225ms
15,2026-01-29_18-38-20,half_life_2,2026-01-29_18-51-34_150ms,False,150.0,True,True,True,True,False,False,../experiment/15/2026-01-29_18-38-20/half_life_2/2026-01-29_18-51-34_150ms
15,2026-01-29_18-38-20,half_life_2,2026-01-29_18-52-47_0ms,False,0.0,True,True,True,True,False,False,../experiment/15/2026-01-29_18-38-20/half_life_2/2026-01-29_18-52-47_0ms
15,2026-01-29_18-38-20,half_life_2,2026-01-29_18-53-23_75ms,False,75.0,True,True,True,True,False,False,../experiment/15/2026-01-29_18-38-20/half_life_2/2026-01-29_18-53-23_75ms
15,2026-01-29_18-38-20,fitts_law,2026-01-29_18-56-07_0ms,False,0.0,True,True,True,False,True,False,../experiment/15/2026-01-29_18-38-20/fitts_law/2026-01-29_18-56-07_0ms
15,2026-01-29_18-38-20,fitts_law,2026-01-29_18-54-00_test,True,,True,False,False,False,True,False,../experiment/15/2026-01-29_18-38-20/fitts_law/2026-01-29_18-54-00_test
15,2026-01-29_18-38-20,fitts_law,2026-01-29_18-54-45_150ms,False,150.0,True,True,True,False,True,False,../experiment/15/2026-01-29_18-38-20/fitts_law/2026-01-29_18-54-45_150ms
15,2026-01-29_18-38-20,fitts_law,2026-01-29_18-56-46_75ms,False,75.0,True,True,True,False,True,False,../experiment/15/2026-01-29_18-38-20/fitts_law/2026-01-29_18-56-46_75ms
15,2026-01-29_18-38-20,fitts_law,2026-01-29_18-55-25_225ms,False,225.0,True,True,True,False,True,False,../experiment/15/2026-01-29_18-38-20/fitts_law/2026-01-29_18-55-25_225ms
15,2026-01-29_18-38-20,feeding_frenzy,2026-01-29_18-58-30_150ms,False,150.0,False,False,False,False,False,False,../experiment/15/2026-01-29_18-38-20/feeding_frenzy/2026-01-29_18-58-30_150ms
15,2026-01-29_18-38-20,feeding_frenzy,2026-01-29_18-57-29_test,True,,True,False,False,True,False,False,../experiment/15/2026-01-29_18-38-20/feeding_frenzy/2026-01-29_18-57-29_test
16,2026-01-30_14-58-25,dave_the_diver,2026-01-30_15-03-59_75ms,False,75.0,True,True,True,True,False,False,../experiment/16/2026-01-30_14-58-25/dave_the_diver/2026-01-30_15-03-59_75ms
16,2026-01-30_14-58-25,dave_the_diver,2026-01-30_15-00-57_225ms,False,225.0,True,True,True,True,False,False,../experiment/16/2026-01-30_14-58-25/dave_the_diver/2026-01-30_15-00-57_225ms
16,2026-01-30_14-58-25,dave_the_diver,2026-01-30_14-58-32_test,True,,True,False,False,True,False,False,../experiment/16/2026-01-30_14-58-25/dave_the_diver/2026-01-30_14-58-32_test
16,2026-01-30_14-58-25,dave_the_diver,2026-01-30_15-05-29_150ms,False,150.0,True,True,True,True,False,False,../experiment/16/2026-01-30_14-58-25/dave_the_diver/2026-01-30_15-05-29_150ms
16,2026-01-30_14-58-25,dave_the_diver,2026-01-30_15-02-29_0ms,False,0.0,True,True,True,True,False,False,../experiment/16/2026-01-30_14-58-25/dave_the_diver/2026-01-30_15-02-29_0ms
16,2026-01-30_14-58-25,rocket_league,2026-01-30_15-20-56_225ms,False,225.0,True,True,True,False,False,True,../experiment/16/2026-01-30_14-58-25/rocket_league/2026-01-30_15-20-56_225ms
16,2026-01-30_14-58-25,rocket_league,2026-01-30_15-24-51_75ms,False,75.0,True,True,True,False,False,True,../experiment/16/2026-01-30_14-58-25/rocket_league/2026-01-30_15-24-51_75ms
16,2026-01-30_14-58-25,rocket_league,2026-01-30_15-22-51_0ms,False,0.0,True,True,True,False,False,True,../experiment/16/2026-01-30_14-58-25/rocket_league/2026-01-30_15-22-51_0ms
16,2026-01-30_14-58-25,rocket_league,2026-01-30_15-26-46_150ms,False,150.0,True,True,True,False,False,False,../experiment/16/2026-01-30_14-58-25/rocket_league/2026-01-30_15-26-46_150ms
16,2026-01-30_14-58-25,rocket_league,2026-01-30_15-18-42_test,True,,True,False,False,False,False,True,../experiment/16/2026-01-30_14-58-25/rocket_league/2026-01-30_15-18-42_test
16,2026-01-30_14-58-25,half_life_2,2026-01-30_15-08-00_225ms,False,225.0,True,True,True,True,False,False,../experiment/16/2026-01-30_14-58-25/half_life_2/2026-01-30_15-08-00_225ms
16,2026-01-30_14-58-25,half_life_2,2026-01-30_15-08-38_0ms,False,0.0,True,True,True,True,False,False,../experiment/16/2026-01-30_14-58-25/half_life_2/2026-01-30_15-08-38_0ms
16,2026-01-30_14-58-25,half_life_2,2026-01-30_15-07-00_test,True,,True,False,False,True,False,False,../experiment/16/2026-01-30_14-58-25/half_life_2/2026-01-30_15-07-00_test
16,2026-01-30_14-58-25,half_life_2,2026-01-30_15-09-17_75ms,False,75.0,True,True,True,True,False,False,../experiment/16/2026-01-30_14-58-25/half_life_2/2026-01-30_15-09-17_75ms
16,2026-01-30_14-58-25,half_life_2,2026-01-30_15-09-57_150ms,False,150.0,True,True,True,True,False,False,../experiment/16/2026-01-30_14-58-25/half_life_2/2026-01-30_15-09-57_150ms
16,2026-01-30_14-58-25,fitts_law,2026-01-30_15-11-28_225ms,False,225.0,True,True,True,False,True,False,../experiment/16/2026-01-30_14-58-25/fitts_law/2026-01-30_15-11-28_225ms
16,2026-01-30_14-58-25,fitts_law,2026-01-30_15-12-48_75ms,False,75.0,True,True,True,False,True,False,../experiment/16/2026-01-30_14-58-25/fitts_law/2026-01-30_15-12-48_75ms
16,2026-01-30_14-58-25,fitts_law,2026-01-30_15-12-08_0ms,False,0.0,True,True,True,False,True,False,../experiment/16/2026-01-30_14-58-25/fitts_law/2026-01-30_15-12-08_0ms
16,2026-01-30_14-58-25,fitts_law,2026-01-30_15-10-45_test,True,,True,False,False,False,True,False,../experiment/16/2026-01-30_14-58-25/fitts_law/2026-01-30_15-10-45_test
16,2026-01-30_14-58-25,fitts_law,2026-01-30_15-13-28_150ms,False,150.0,True,True,True,False,True,False,../experiment/16/2026-01-30_14-58-25/fitts_law/2026-01-30_15-13-28_150ms
16,2026-01-30_14-58-25,feeding_frenzy,2026-01-30_15-16-54_75ms,False,75.0,True,True,True,True,False,False,../experiment/16/2026-01-30_14-58-25/feeding_frenzy/2026-01-30_15-16-54_75ms
16,2026-01-30_14-58-25,feeding_frenzy,2026-01-30_15-15-06_225ms,False,225.0,True,True,True,True,False,False,../experiment/16/2026-01-30_14-58-25/feeding_frenzy/2026-01-30_15-15-06_225ms
16,2026-01-30_14-58-25,feeding_frenzy,2026-01-30_15-17-50_150ms,False,150.0,True,True,True,True,False,False,../experiment/16/2026-01-30_14-58-25/feeding_frenzy/2026-01-30_15-17-50_150ms
16,2026-01-30_14-58-25,feeding_frenzy,2026-01-30_15-16-00_0ms,False,0.0,True,True,True,True,False,False,../experiment/16/2026-01-30_14-58-25/feeding_frenzy/2026-01-30_15-16-00_0ms
16,2026-01-30_14-58-25,feeding_frenzy,2026-01-30_15-14-10_test,True,,True,False,False,True,False,False,../experiment/16/2026-01-30_14-58-25/feeding_frenzy/2026-01-30_15-14-10_test
17,2026-01-30_15-51-05,dave_the_diver,2026-01-30_16-07-25_0ms,False,0.0,True,True,True,True,False,False,../experiment/17/2026-01-30_15-51-05/dave_the_diver/2026-01-30_16-07-25_0ms
17,2026-01-30_15-51-05,dave_the_diver,2026-01-30_16-08-52_75ms,False,75.0,True,True,True,True,False,False,../experiment/17/2026-01-30_15-51-05/dave_the_diver/2026-01-30_16-08-52_75ms
17,2026-01-30_15-51-05,dave_the_diver,2026-01-30_16-10-20_150ms,False,150.0,True,True,True,True,False,False,../experiment/17/2026-01-30_15-51-05/dave_the_diver/2026-01-30_16-10-20_150ms
17,2026-01-30_15-51-05,dave_the_diver,2026-01-30_16-05-24_test,True,,True,False,False,True,False,False,../experiment/17/2026-01-30_15-51-05/dave_the_diver/2026-01-30_16-05-24_test
17,2026-01-30_15-51-05,dave_the_diver,2026-01-30_16-11-49_225ms,False,225.0,True,True,True,True,False,False,../experiment/17/2026-01-30_15-51-05/dave_the_diver/2026-01-30_16-11-49_225ms
17,2026-01-30_15-51-05,rocket_league,2026-01-30_15-57-37_0ms,False,0.0,True,True,True,False,False,True,../experiment/17/2026-01-30_15-51-05/rocket_league/2026-01-30_15-57-37_0ms
17,2026-01-30_15-51-05,rocket_league,2026-01-30_15-55-22_test,True,,True,False,False,False,False,True,../experiment/17/2026-01-30_15-51-05/rocket_league/2026-01-30_15-55-22_test
17,2026-01-30_15-51-05,rocket_league,2026-01-30_16-01-31_150ms,False,150.0,True,True,True,False,False,True,../experiment/17/2026-01-30_15-51-05/rocket_league/2026-01-30_16-01-31_150ms
17,2026-01-30_15-51-05,rocket_league,2026-01-30_16-03-28_225ms,False,225.0,True,True,True,False,False,True,../experiment/17/2026-01-30_15-51-05/rocket_league/2026-01-30_16-03-28_225ms
17,2026-01-30_15-51-05,rocket_league,2026-01-30_15-59-34_75ms,False,75.0,True,True,True,False,False,True,../experiment/17/2026-01-30_15-51-05/rocket_league/2026-01-30_15-59-34_75ms
17,2026-01-30_15-51-05,half_life_2,2026-01-30_15-43-37_150ms,False,150.0,True,True,True,True,False,False,../experiment/17/2026-01-30_15-51-05/half_life_2/2026-01-30_15-43-37_150ms
17,2026-01-30_15-51-05,half_life_2,2026-01-30_15-42-25_0ms,False,0.0,True,True,True,True,False,False,../experiment/17/2026-01-30_15-51-05/half_life_2/2026-01-30_15-42-25_0ms
17,2026-01-30_15-51-05,half_life_2,2026-01-30_15-41-15_test,True,,True,False,False,True,False,False,../experiment/17/2026-01-30_15-51-05/half_life_2/2026-01-30_15-41-15_test
17,2026-01-30_15-51-05,half_life_2,2026-01-30_15-44-13_225ms,False,225.0,True,True,True,True,False,False,../experiment/17/2026-01-30_15-51-05/half_life_2/2026-01-30_15-44-13_225ms
17,2026-01-30_15-51-05,half_life_2,2026-01-30_15-43-01_75ms,False,75.0,True,True,True,True,False,False,../experiment/17/2026-01-30_15-51-05/half_life_2/2026-01-30_15-43-01_75ms
17,2026-01-30_15-51-05,fitts_law,2026-01-30_15-46-10_75ms,False,75.0,True,True,True,False,True,False,../experiment/17/2026-01-30_15-51-05/fitts_law/2026-01-30_15-46-10_75ms
17,2026-01-30_15-51-05,fitts_law,2026-01-30_15-46-54_150ms,False,150.0,True,True,True,False,True,False,../experiment/17/2026-01-30_15-51-05/fitts_law/2026-01-30_15-46-54_150ms
17,2026-01-30_15-51-05,fitts_law,2026-01-30_15-47-33_225ms,False,225.0,True,True,True,False,True,False,../experiment/17/2026-01-30_15-51-05/fitts_law/2026-01-30_15-47-33_225ms
17,2026-01-30_15-51-05,fitts_law,2026-01-30_15-44-50_test,True,,True,False,False,False,True,False,../experiment/17/2026-01-30_15-51-05/fitts_law/2026-01-30_15-44-50_test
17,2026-01-30_15-51-05,fitts_law,2026-01-30_15-45-31_0ms,False,0.0,True,True,True,False,True,False,../experiment/17/2026-01-30_15-51-05/fitts_law/2026-01-30_15-45-31_0ms
17,2026-01-30_15-51-05,feeding_frenzy,2026-01-30_15-54-32_225ms,False,225.0,True,True,True,True,False,False,../experiment/17/2026-01-30_15-51-05/feeding_frenzy/2026-01-30_15-54-32_225ms
17,2026-01-30_15-51-05,feeding_frenzy,2026-01-30_15-53-40_150ms,False,150.0,True,True,True,True,False,False,../experiment/17/2026-01-30_15-51-05/feeding_frenzy/2026-01-30_15-53-40_150ms
17,2026-01-30_15-51-05,feeding_frenzy,2026-01-30_15-52-02_0ms,False,0.0,True,True,True,True,False,False,../experiment/17/2026-01-30_15-51-05/feeding_frenzy/2026-01-30_15-52-02_0ms
17,2026-01-30_15-51-05,feeding_frenzy,2026-01-30_15-52-52_75ms,False,75.0,True,True,True,True,False,False,../experiment/17/2026-01-30_15-51-05/feeding_frenzy/2026-01-30_15-52-52_75ms
17,2026-01-30_15-51-05,feeding_frenzy,2026-01-30_15-51-09_test,True,,True,False,False,True,False,False,../experiment/17/2026-01-30_15-51-05/feeding_frenzy/2026-01-30_15-51-09_test
2,2026-01-23_17-09-15,rocket_league,2026-01-23_17-24-16_150ms,False,150.0,True,True,True,False,False,True,../experiment/2/2026-01-23_17-09-15/rocket_league/2026-01-23_17-24-16_150ms
2,2026-01-23_17-09-15,rocket_league,2026-01-23_17-22-22_75ms,False,75.0,True,True,True,False,False,True,../experiment/2/2026-01-23_17-09-15/rocket_league/2026-01-23_17-22-22_75ms
2,2026-01-23_17-09-15,rocket_league,2026-01-23_17-26-12_225ms,False,225.0,True,True,True,False,False,True,../experiment/2/2026-01-23_17-09-15/rocket_league/2026-01-23_17-26-12_225ms
2,2026-01-23_17-09-15,rocket_league,2026-01-23_17-28-12_0ms,False,0.0,True,True,True,False,False,True,../experiment/2/2026-01-23_17-09-15/rocket_league/2026-01-23_17-28-12_0ms
2,2026-01-23_17-09-15,rocket_league,2026-01-23_17-20-06_test,True,,True,False,False,False,False,True,../experiment/2/2026-01-23_17-09-15/rocket_league/2026-01-23_17-20-06_test
2,2026-01-23_17-09-15,half_life_2,2026-01-23_17-37-26_test,True,,True,False,False,True,False,False,../experiment/2/2026-01-23_17-09-15/half_life_2/2026-01-23_17-37-26_test
2,2026-01-23_17-09-15,half_life_2,2026-01-23_17-38-41_75ms,False,75.0,True,True,True,True,False,False,../experiment/2/2026-01-23_17-09-15/half_life_2/2026-01-23_17-38-41_75ms
2,2026-01-23_17-09-15,half_life_2,2026-01-23_17-39-18_150ms,False,150.0,True,True,True,True,False,False,../experiment/2/2026-01-23_17-09-15/half_life_2/2026-01-23_17-39-18_150ms
2,2026-01-23_17-09-15,half_life_2,2026-01-23_17-40-38_0ms,False,0.0,True,True,True,True,False,False,../experiment/2/2026-01-23_17-09-15/half_life_2/2026-01-23_17-40-38_0ms
2,2026-01-23_17-09-15,half_life_2,2026-01-23_17-40-01_225ms,False,225.0,True,True,True,True,False,False,../experiment/2/2026-01-23_17-09-15/half_life_2/2026-01-23_17-40-01_225ms
2,2026-01-23_17-09-15,fitts_law,2026-01-23_17-11-27_75ms,False,75.0,True,True,True,False,True,False,../experiment/2/2026-01-23_17-09-15/fitts_law/2026-01-23_17-11-27_75ms
2,2026-01-23_17-09-15,fitts_law,2026-01-23_17-13-45_0ms,False,0.0,True,True,True,False,True,False,../experiment/2/2026-01-23_17-09-15/fitts_law/2026-01-23_17-13-45_0ms
2,2026-01-23_17-09-15,fitts_law,2026-01-23_17-09-34_test,True,,True,False,False,False,True,False,../experiment/2/2026-01-23_17-09-15/fitts_law/2026-01-23_17-09-34_test
2,2026-01-23_17-09-15,fitts_law,2026-01-23_17-12-11_150ms,False,150.0,True,True,True,False,True,False,../experiment/2/2026-01-23_17-09-15/fitts_law/2026-01-23_17-12-11_150ms
2,2026-01-23_17-09-15,fitts_law,2026-01-23_17-13-02_225ms,False,225.0,True,True,True,False,True,False,../experiment/2/2026-01-23_17-09-15/fitts_law/2026-01-23_17-13-02_225ms
2,2026-01-23_17-09-15,feeding_frenzy,2026-01-23_17-15-59_75ms,False,75.0,True,True,True,True,False,False,../experiment/2/2026-01-23_17-09-15/feeding_frenzy/2026-01-23_17-15-59_75ms
2,2026-01-23_17-09-15,feeding_frenzy,2026-01-23_17-18-12_225ms,False,225.0,True,True,True,True,False,False,../experiment/2/2026-01-23_17-09-15/feeding_frenzy/2026-01-23_17-18-12_225ms
2,2026-01-23_17-09-15,feeding_frenzy,2026-01-23_17-14-33_test,True,,True,False,False,True,False,False,../experiment/2/2026-01-23_17-09-15/feeding_frenzy/2026-01-23_17-14-33_test
2,2026-01-23_17-09-15,feeding_frenzy,2026-01-23_17-19-11_0ms,False,0.0,True,True,True,True,False,False,../experiment/2/2026-01-23_17-09-15/feeding_frenzy/2026-01-23_17-19-11_0ms
2,2026-01-23_17-09-15,feeding_frenzy,2026-01-23_17-16-58_150ms,False,150.0,True,True,True,True,False,False,../experiment/2/2026-01-23_17-09-15/feeding_frenzy/2026-01-23_17-16-58_150ms
3,2026-01-24_11-10-22,dave_the_diver,2026-01-24_11-30-29_test,True,,True,False,False,True,False,False,../experiment/3/2026-01-24_11-10-22/dave_the_diver/2026-01-24_11-30-29_test
3,2026-01-24_11-10-22,dave_the_diver,2026-01-24_11-32-31_150ms,False,150.0,True,True,True,True,False,False,../experiment/3/2026-01-24_11-10-22/dave_the_diver/2026-01-24_11-32-31_150ms
3,2026-01-24_11-10-22,dave_the_diver,2026-01-24_11-34-03_225ms,False,225.0,True,True,True,True,False,False,../experiment/3/2026-01-24_11-10-22/dave_the_diver/2026-01-24_11-34-03_225ms
3,2026-01-24_11-10-22,dave_the_diver,2026-01-24_11-36-59_75ms,False,75.0,True,True,True,True,False,False,../experiment/3/2026-01-24_11-10-22/dave_the_diver/2026-01-24_11-36-59_75ms
3,2026-01-24_11-10-22,dave_the_diver,2026-01-24_11-35-29_0ms,False,0.0,True,True,True,True,False,False,../experiment/3/2026-01-24_11-10-22/dave_the_diver/2026-01-24_11-35-29_0ms
3,2026-01-24_11-10-22,rocket_league,2026-01-24_11-26-35_0ms,False,0.0,True,True,True,False,False,True,../experiment/3/2026-01-24_11-10-22/rocket_league/2026-01-24_11-26-35_0ms
3,2026-01-24_11-10-22,rocket_league,2026-01-24_11-22-39_150ms,False,150.0,True,True,True,False,False,True,../experiment/3/2026-01-24_11-10-22/rocket_league/2026-01-24_11-22-39_150ms
3,2026-01-24_11-10-22,rocket_league,2026-01-24_11-20-21_test,True,,True,False,False,False,False,True,../experiment/3/2026-01-24_11-10-22/rocket_league/2026-01-24_11-20-21_test
3,2026-01-24_11-10-22,rocket_league,2026-01-24_11-28-32_75ms,False,75.0,True,True,True,False,False,True,../experiment/3/2026-01-24_11-10-22/rocket_league/2026-01-24_11-28-32_75ms
3,2026-01-24_11-10-22,rocket_league,2026-01-24_11-24-35_225ms,False,225.0,True,True,True,False,False,True,../experiment/3/2026-01-24_11-10-22/rocket_league/2026-01-24_11-24-35_225ms
3,2026-01-24_11-10-22,half_life_2,2026-01-24_11-38-28_test,True,,True,False,False,True,False,False,../experiment/3/2026-01-24_11-10-22/half_life_2/2026-01-24_11-38-28_test
3,2026-01-24_11-10-22,half_life_2,2026-01-24_11-40-49_0ms,False,0.0,True,True,True,True,False,False,../experiment/3/2026-01-24_11-10-22/half_life_2/2026-01-24_11-40-49_0ms
3,2026-01-24_11-10-22,half_life_2,2026-01-24_11-39-27_150ms,False,150.0,True,True,True,True,False,False,../experiment/3/2026-01-24_11-10-22/half_life_2/2026-01-24_11-39-27_150ms
3,2026-01-24_11-10-22,half_life_2,2026-01-24_11-40-13_225ms,False,225.0,True,True,True,True,False,False,../experiment/3/2026-01-24_11-10-22/half_life_2/2026-01-24_11-40-13_225ms
3,2026-01-24_11-10-22,half_life_2,2026-01-24_11-41-30_75ms,False,75.0,True,True,True,True,False,False,../experiment/3/2026-01-24_11-10-22/half_life_2/2026-01-24_11-41-30_75ms
3,2026-01-24_11-10-22,fitts_law,2026-01-24_11-11-52_150ms,False,150.0,True,True,True,False,True,False,../experiment/3/2026-01-24_11-10-22/fitts_law/2026-01-24_11-11-52_150ms
3,2026-01-24_11-10-22,fitts_law,2026-01-24_11-13-21_0ms,False,0.0,True,True,True,False,True,False,../experiment/3/2026-01-24_11-10-22/fitts_law/2026-01-24_11-13-21_0ms
3,2026-01-24_11-10-22,fitts_law,2026-01-24_11-12-37_225ms,False,225.0,True,True,True,False,True,False,../experiment/3/2026-01-24_11-10-22/fitts_law/2026-01-24_11-12-37_225ms
3,2026-01-24_11-10-22,fitts_law,2026-01-24_11-10-26_test,True,,True,False,False,False,True,False,../experiment/3/2026-01-24_11-10-22/fitts_law/2026-01-24_11-10-26_test
3,2026-01-24_11-10-22,fitts_law,2026-01-24_11-14-10_75ms,False,75.0,True,True,True,False,True,False,../experiment/3/2026-01-24_11-10-22/fitts_law/2026-01-24_11-14-10_75ms
3,2026-01-24_11-10-22,feeding_frenzy,2026-01-24_11-15-56_150ms,False,150.0,True,True,True,True,False,False,../experiment/3/2026-01-24_11-10-22/feeding_frenzy/2026-01-24_11-15-56_150ms
3,2026-01-24_11-10-22,feeding_frenzy,2026-01-24_11-17-03_225ms,False,225.0,True,True,True,True,False,False,../experiment/3/2026-01-24_11-10-22/feeding_frenzy/2026-01-24_11-17-03_225ms
3,2026-01-24_11-10-22,feeding_frenzy,2026-01-24_11-18-02_0ms,False,0.0,True,True,True,True,False,False,../experiment/3/2026-01-24_11-10-22/feeding_frenzy/2026-01-24_11-18-02_0ms
3,2026-01-24_11-10-22,feeding_frenzy,2026-01-24_11-14-55_test,True,,True,False,False,True,False,False,../experiment/3/2026-01-24_11-10-22/feeding_frenzy/2026-01-24_11-14-55_test
3,2026-01-24_11-10-22,feeding_frenzy,2026-01-24_11-19-26_75ms,False,75.0,True,True,True,True,False,False,../experiment/3/2026-01-24_11-10-22/feeding_frenzy/2026-01-24_11-19-26_75ms
4,2026-01-24_12-23-49,dave_the_diver,2026-01-24_12-13-14_test,True,,True,False,False,True,False,False,../experiment/4/2026-01-24_12-23-49/dave_the_diver/2026-01-24_12-13-14_test
4,2026-01-24_12-23-49,dave_the_diver,2026-01-24_12-15-28_225ms,False,225.0,True,True,True,True,False,False,../experiment/4/2026-01-24_12-23-49/dave_the_diver/2026-01-24_12-15-28_225ms
4,2026-01-24_12-23-49,dave_the_diver,2026-01-24_12-18-22_75ms,False,75.0,True,True,True,True,False,False,../experiment/4/2026-01-24_12-23-49/dave_the_diver/2026-01-24_12-18-22_75ms
4,2026-01-24_12-23-49,dave_the_diver,2026-01-24_12-19-54_150ms,False,150.0,False,True,True,True,False,False,../experiment/4/2026-01-24_12-23-49/dave_the_diver/2026-01-24_12-19-54_150ms
4,2026-01-24_12-23-49,dave_the_diver,2026-01-24_12-16-57_0ms,False,0.0,True,True,True,True,False,False,../experiment/4/2026-01-24_12-23-49/dave_the_diver/2026-01-24_12-16-57_0ms
4,2026-01-24_12-23-49,rocket_league,2026-01-24_12-11-14_150ms,False,150.0,True,True,True,False,False,True,../experiment/4/2026-01-24_12-23-49/rocket_league/2026-01-24_12-11-14_150ms
4,2026-01-24_12-23-49,rocket_league,2026-01-24_12-09-17_75ms,False,75.0,True,True,True,False,False,True,../experiment/4/2026-01-24_12-23-49/rocket_league/2026-01-24_12-09-17_75ms
4,2026-01-24_12-23-49,rocket_league,2026-01-24_12-03-01_test,True,,True,False,False,False,False,True,../experiment/4/2026-01-24_12-23-49/rocket_league/2026-01-24_12-03-01_test
4,2026-01-24_12-23-49,rocket_league,2026-01-24_12-07-14_0ms,False,0.0,True,True,True,False,False,True,../experiment/4/2026-01-24_12-23-49/rocket_league/2026-01-24_12-07-14_0ms
4,2026-01-24_12-23-49,rocket_league,2026-01-24_12-05-16_225ms,False,225.0,True,True,True,False,False,True,../experiment/4/2026-01-24_12-23-49/rocket_league/2026-01-24_12-05-16_225ms
4,2026-01-24_12-23-49,half_life_2,2026-01-24_12-26-51_150ms,False,150.0,True,True,True,True,False,False,../experiment/4/2026-01-24_12-23-49/half_life_2/2026-01-24_12-26-51_150ms
4,2026-01-24_12-23-49,half_life_2,2026-01-24_12-23-54_test,True,,True,False,False,True,False,False,../experiment/4/2026-01-24_12-23-49/half_life_2/2026-01-24_12-23-54_test
4,2026-01-24_12-23-49,half_life_2,2026-01-24_12-26-08_75ms,False,75.0,True,True,True,True,False,False,../experiment/4/2026-01-24_12-23-49/half_life_2/2026-01-24_12-26-08_75ms
4,2026-01-24_12-23-49,half_life_2,2026-01-24_12-25-32_0ms,False,0.0,True,True,True,True,False,False,../experiment/4/2026-01-24_12-23-49/half_life_2/2026-01-24_12-25-32_0ms
4,2026-01-24_12-23-49,half_life_2,2026-01-24_12-24-52_225ms,False,225.0,True,True,True,True,False,False,../experiment/4/2026-01-24_12-23-49/half_life_2/2026-01-24_12-24-52_225ms
4,2026-01-24_12-23-49,fitts_law,2026-01-24_11-51-45_0ms,False,0.0,True,True,True,False,True,False,../experiment/4/2026-01-24_12-23-49/fitts_law/2026-01-24_11-51-45_0ms
4,2026-01-24_12-23-49,fitts_law,2026-01-24_11-50-43_225ms,False,225.0,True,True,True,False,True,False,../experiment/4/2026-01-24_12-23-49/fitts_law/2026-01-24_11-50-43_225ms
4,2026-01-24_12-23-49,fitts_law,2026-01-24_11-49-28_test,True,,True,False,False,False,True,False,../experiment/4/2026-01-24_12-23-49/fitts_law/2026-01-24_11-49-28_test
4,2026-01-24_12-23-49,fitts_law,2026-01-24_11-52-29_75ms,False,75.0,True,True,True,False,True,False,../experiment/4/2026-01-24_12-23-49/fitts_law/2026-01-24_11-52-29_75ms
4,2026-01-24_12-23-49,fitts_law,2026-01-24_11-53-10_150ms,False,150.0,True,True,True,False,True,False,../experiment/4/2026-01-24_12-23-49/fitts_law/2026-01-24_11-53-10_150ms
4,2026-01-24_12-23-49,feeding_frenzy,2026-01-24_11-55-10_225ms,False,225.0,True,True,True,True,False,False,../experiment/4/2026-01-24_12-23-49/feeding_frenzy/2026-01-24_11-55-10_225ms
4,2026-01-24_12-23-49,feeding_frenzy,2026-01-24_11-57-45_150ms,False,150.0,True,True,True,True,False,False,../experiment/4/2026-01-24_12-23-49/feeding_frenzy/2026-01-24_11-57-45_150ms
4,2026-01-24_12-23-49,feeding_frenzy,2026-01-24_11-56-54_75ms,False,75.0,True,True,True,True,False,False,../experiment/4/2026-01-24_12-23-49/feeding_frenzy/2026-01-24_11-56-54_75ms
4,2026-01-24_12-23-49,feeding_frenzy,2026-01-24_11-53-56_test,True,,True,False,False,True,False,False,../experiment/4/2026-01-24_12-23-49/feeding_frenzy/2026-01-24_11-53-56_test
4,2026-01-24_12-23-49,feeding_frenzy,2026-01-24_11-56-03_0ms,False,0.0,True,True,True,True,False,False,../experiment/4/2026-01-24_12-23-49/feeding_frenzy/2026-01-24_11-56-03_0ms
5,2026-01-27_14-02-51,feeding_frenzy,2026-01-27_14-05-43_150ms,False,150.0,True,True,True,True,False,False,../experiment/5_2bugs_missing1game/2026-01-27_14-02-51/feeding_frenzy/2026-01-27_14-05-43_150ms
5,2026-01-27_14-02-51,feeding_frenzy,2026-01-27_14-04-02_0ms,False,0.0,True,True,True,True,False,False,../experiment/5_2bugs_missing1game/2026-01-27_14-02-51/feeding_frenzy/2026-01-27_14-04-02_0ms
5,2026-01-27_14-02-51,feeding_frenzy,2026-01-27_14-04-54_75ms,False,75.0,True,True,True,True,False,False,../experiment/5_2bugs_missing1game/2026-01-27_14-02-51/feeding_frenzy/2026-01-27_14-04-54_75ms
5,2026-01-27_14-02-51,feeding_frenzy,2026-01-27_14-03-00_test,True,,True,False,False,True,False,False,../experiment/5_2bugs_missing1game/2026-01-27_14-02-51/feeding_frenzy/2026-01-27_14-03-00_test
5,2026-01-27_14-02-51,feeding_frenzy,2026-01-27_14-06-33_225ms,False,225.0,True,True,True,True,False,False,../experiment/5_2bugs_missing1game/2026-01-27_14-02-51/feeding_frenzy/2026-01-27_14-06-33_225ms
5,2026-01-27_14-18-04,dave_the_diver,2026-01-27_14-21-43_75ms,False,75.0,True,True,True,True,False,False,../experiment/5_2bugs_missing1game/2026-01-27_14-18-04/dave_the_diver/2026-01-27_14-21-43_75ms
5,2026-01-27_14-18-04,dave_the_diver,2026-01-27_14-23-11_150ms,False,150.0,True,True,True,True,False,False,../experiment/5_2bugs_missing1game/2026-01-27_14-18-04/dave_the_diver/2026-01-27_14-23-11_150ms
5,2026-01-27_14-18-04,dave_the_diver,2026-01-27_14-25-03_225ms,False,225.0,True,True,True,True,False,False,../experiment/5_2bugs_missing1game/2026-01-27_14-18-04/dave_the_diver/2026-01-27_14-25-03_225ms
5,2026-01-27_14-18-04,dave_the_diver,2026-01-27_14-20-16_0ms,False,0.0,True,True,True,True,False,False,../experiment/5_2bugs_missing1game/2026-01-27_14-18-04/dave_the_diver/2026-01-27_14-20-16_0ms
5,2026-01-27_14-18-04,dave_the_diver,2026-01-27_14-18-07_test,True,,True,False,False,True,False,False,../experiment/5_2bugs_missing1game/2026-01-27_14-18-04/dave_the_diver/2026-01-27_14-18-07_test
6,2026-01-27_14-51-48,dave_the_diver,2026-01-27_15-10-17_75ms,False,75.0,True,True,True,True,False,False,../experiment/6/2026-01-27_14-51-48/dave_the_diver/2026-01-27_15-10-17_75ms
6,2026-01-27_14-51-48,dave_the_diver,2026-01-27_15-11-58_150ms,False,150.0,True,True,True,True,False,False,../experiment/6/2026-01-27_14-51-48/dave_the_diver/2026-01-27_15-11-58_150ms
6,2026-01-27_14-51-48,dave_the_diver,2026-01-27_15-13-35_225ms,False,225.0,True,True,True,True,False,False,../experiment/6/2026-01-27_14-51-48/dave_the_diver/2026-01-27_15-13-35_225ms
6,2026-01-27_14-51-48,dave_the_diver,2026-01-27_15-15-13_0ms,False,0.0,True,True,True,True,False,False,../experiment/6/2026-01-27_14-51-48/dave_the_diver/2026-01-27_15-15-13_0ms
6,2026-01-27_14-51-48,dave_the_diver,2026-01-27_15-07-58_test,True,,True,False,False,True,False,False,../experiment/6/2026-01-27_14-51-48/dave_the_diver/2026-01-27_15-07-58_test
6,2026-01-27_14-51-48,rocket_league,2026-01-27_15-03-56_225ms,False,225.0,True,True,True,False,False,True,../experiment/6/2026-01-27_14-51-48/rocket_league/2026-01-27_15-03-56_225ms
6,2026-01-27_14-51-48,rocket_league,2026-01-27_15-01-59_150ms,False,150.0,True,True,True,False,False,True,../experiment/6/2026-01-27_14-51-48/rocket_league/2026-01-27_15-01-59_150ms
6,2026-01-27_14-51-48,rocket_league,2026-01-27_14-56-45_test,True,,True,False,False,False,False,True,../experiment/6/2026-01-27_14-51-48/rocket_league/2026-01-27_14-56-45_test
6,2026-01-27_14-51-48,rocket_league,2026-01-27_14-59-49_75ms,False,75.0,True,True,True,False,False,True,../experiment/6/2026-01-27_14-51-48/rocket_league/2026-01-27_14-59-49_75ms
6,2026-01-27_14-51-48,rocket_league,2026-01-27_15-05-57_0ms,False,0.0,True,True,True,False,False,True,../experiment/6/2026-01-27_14-51-48/rocket_league/2026-01-27_15-05-57_0ms
6,2026-01-27_14-51-48,half_life_2,2026-01-27_15-16-54_test,True,,True,False,False,True,False,False,../experiment/6/2026-01-27_14-51-48/half_life_2/2026-01-27_15-16-54_test
6,2026-01-27_14-51-48,half_life_2,2026-01-27_15-17-49_75ms,False,75.0,True,True,True,True,False,False,../experiment/6/2026-01-27_14-51-48/half_life_2/2026-01-27_15-17-49_75ms
6,2026-01-27_14-51-48,half_life_2,2026-01-27_15-19-44_0ms,False,0.0,True,True,True,True,False,False,../experiment/6/2026-01-27_14-51-48/half_life_2/2026-01-27_15-19-44_0ms
6,2026-01-27_14-51-48,half_life_2,2026-01-27_15-19-07_225ms,False,225.0,True,True,True,True,False,False,../experiment/6/2026-01-27_14-51-48/half_life_2/2026-01-27_15-19-07_225ms
6,2026-01-27_14-51-48,half_life_2,2026-01-27_15-18-30_150ms,False,150.0,True,True,True,True,False,False,../experiment/6/2026-01-27_14-51-48/half_life_2/2026-01-27_15-18-30_150ms
6,2026-01-27_14-51-48,fitts_law,2026-01-27_15-21-48_150ms,False,150.0,True,True,True,False,True,False,../experiment/6/2026-01-27_14-51-48/fitts_law/2026-01-27_15-21-48_150ms
6,2026-01-27_14-51-48,fitts_law,2026-01-27_15-21-07_75ms,False,75.0,True,True,True,False,True,False,../experiment/6/2026-01-27_14-51-48/fitts_law/2026-01-27_15-21-07_75ms
6,2026-01-27_14-51-48,fitts_law,2026-01-27_15-22-29_225ms,False,225.0,True,True,True,False,True,False,../experiment/6/2026-01-27_14-51-48/fitts_law/2026-01-27_15-22-29_225ms
6,2026-01-27_14-51-48,fitts_law,2026-01-27_15-20-21_test,True,,True,False,False,False,True,False,../experiment/6/2026-01-27_14-51-48/fitts_law/2026-01-27_15-20-21_test
6,2026-01-27_14-51-48,fitts_law,2026-01-27_15-23-11_0ms,False,0.0,True,True,True,False,True,False,../experiment/6/2026-01-27_14-51-48/fitts_law/2026-01-27_15-23-11_0ms
6,2026-01-27_14-51-48,feeding_frenzy,2026-01-27_14-54-14_150ms,False,150.0,True,True,True,True,False,False,../experiment/6/2026-01-27_14-51-48/feeding_frenzy/2026-01-27_14-54-14_150ms
6,2026-01-27_14-51-48,feeding_frenzy,2026-01-27_14-53-16_75ms,False,75.0,True,True,True,True,False,False,../experiment/6/2026-01-27_14-51-48/feeding_frenzy/2026-01-27_14-53-16_75ms
6,2026-01-27_14-51-48,feeding_frenzy,2026-01-27_14-52-05_test,True,,True,False,False,True,False,False,../experiment/6/2026-01-27_14-51-48/feeding_frenzy/2026-01-27_14-52-05_test
6,2026-01-27_14-51-48,feeding_frenzy,2026-01-27_14-55-53_0ms,False,0.0,True,True,True,True,False,False,../experiment/6/2026-01-27_14-51-48/feeding_frenzy/2026-01-27_14-55-53_0ms
6,2026-01-27_14-51-48,feeding_frenzy,2026-01-27_14-55-04_225ms,False,225.0,True,True,True,True,False,False,../experiment/6/2026-01-27_14-51-48/feeding_frenzy/2026-01-27_14-55-04_225ms
7,2026-01-27_17-51-21,rocket_league,2026-01-27_18-01-29_225ms,False,225.0,True,True,True,False,False,True,../experiment/7/2026-01-27_17-51-21/rocket_league/2026-01-27_18-01-29_225ms
7,2026-01-27_17-51-21,rocket_league,2026-01-27_18-03-24_0ms,False,0.0,True,True,True,False,False,True,../experiment/7/2026-01-27_17-51-21/rocket_league/2026-01-27_18-03-24_0ms
7,2026-01-27_17-51-21,rocket_league,2026-01-27_17-59-33_150ms,False,150.0,True,True,True,False,False,True,../experiment/7/2026-01-27_17-51-21/rocket_league/2026-01-27_17-59-33_150ms
7,2026-01-27_17-51-21,rocket_league,2026-01-27_18-05-21_75ms,False,75.0,True,True,True,False,False,True,../experiment/7/2026-01-27_17-51-21/rocket_league/2026-01-27_18-05-21_75ms
7,2026-01-27_17-51-21,rocket_league,2026-01-27_17-57-15_test,True,,True,False,False,False,False,True,../experiment/7/2026-01-27_17-51-21/rocket_league/2026-01-27_17-57-15_test
7,2026-01-27_17-51-21,half_life_2,2026-01-27_18-16-05_225ms,False,225.0,True,True,True,True,False,False,../experiment/7/2026-01-27_17-51-21/half_life_2/2026-01-27_18-16-05_225ms
7,2026-01-27_17-51-21,half_life_2,2026-01-27_18-17-23_75ms,False,75.0,True,True,True,True,False,False,../experiment/7/2026-01-27_17-51-21/half_life_2/2026-01-27_18-17-23_75ms
7,2026-01-27_17-51-21,half_life_2,2026-01-27_18-14-29_test,True,,True,False,False,True,False,False,../experiment/7/2026-01-27_17-51-21/half_life_2/2026-01-27_18-14-29_test
7,2026-01-27_17-51-21,half_life_2,2026-01-27_18-16-43_0ms,False,0.0,True,True,True,True,False,False,../experiment/7/2026-01-27_17-51-21/half_life_2/2026-01-27_18-16-43_0ms
7,2026-01-27_17-51-21,half_life_2,2026-01-27_18-15-26_150ms,False,150.0,True,True,True,True,False,False,../experiment/7/2026-01-27_17-51-21/half_life_2/2026-01-27_18-15-26_150ms
7,2026-01-27_17-51-21,fitts_law,2026-01-27_18-19-26_225ms,False,225.0,True,True,True,False,True,False,../experiment/7/2026-01-27_17-51-21/fitts_law/2026-01-27_18-19-26_225ms
7,2026-01-27_17-51-21,fitts_law,2026-01-27_18-18-02_test,True,,True,False,False,False,True,False,../experiment/7/2026-01-27_17-51-21/fitts_law/2026-01-27_18-18-02_test
7,2026-01-27_17-51-21,fitts_law,2026-01-27_18-20-48_75ms,False,75.0,True,True,True,False,True,False,../experiment/7/2026-01-27_17-51-21/fitts_law/2026-01-27_18-20-48_75ms
7,2026-01-27_17-51-21,fitts_law,2026-01-27_18-20-08_0ms,False,0.0,True,True,True,False,True,False,../experiment/7/2026-01-27_17-51-21/fitts_law/2026-01-27_18-20-08_0ms
7,2026-01-27_17-51-21,fitts_law,2026-01-27_18-18-46_150ms,False,150.0,True,True,True,False,True,False,../experiment/7/2026-01-27_17-51-21/fitts_law/2026-01-27_18-18-46_150ms
7,2026-01-27_17-51-21,feeding_frenzy,2026-01-27_17-55-43_75ms,False,75.0,True,True,True,True,False,False,../experiment/7/2026-01-27_17-51-21/feeding_frenzy/2026-01-27_17-55-43_75ms
7,2026-01-27_17-51-21,feeding_frenzy,2026-01-27_17-53-14_150ms,False,150.0,True,True,True,True,False,False,../experiment/7/2026-01-27_17-51-21/feeding_frenzy/2026-01-27_17-53-14_150ms
7,2026-01-27_17-51-21,feeding_frenzy,2026-01-27_17-54-54_0ms,False,0.0,True,True,True,True,False,False,../experiment/7/2026-01-27_17-51-21/feeding_frenzy/2026-01-27_17-54-54_0ms
7,2026-01-27_17-51-21,feeding_frenzy,2026-01-27_17-54-03_225ms,False,225.0,True,True,True,True,False,False,../experiment/7/2026-01-27_17-51-21/feeding_frenzy/2026-01-27_17-54-03_225ms
7,2026-01-27_17-51-21,feeding_frenzy,2026-01-27_17-51-36_test,True,,True,False,False,True,False,False,../experiment/7/2026-01-27_17-51-21/feeding_frenzy/2026-01-27_17-51-36_test
8,2026-01-27_18-48-34,dave_the_diver,2026-01-27_19-09-08_75ms,False,75.0,True,True,True,True,False,False,../experiment/8/2026-01-27_18-48-34/dave_the_diver/2026-01-27_19-09-08_75ms
8,2026-01-27_18-48-34,dave_the_diver,2026-01-27_19-06-09_225ms,False,225.0,True,True,True,True,False,False,../experiment/8/2026-01-27_18-48-34/dave_the_diver/2026-01-27_19-06-09_225ms
8,2026-01-27_18-48-34,dave_the_diver,2026-01-27_19-10-36_150ms,False,150.0,True,True,True,True,False,False,../experiment/8/2026-01-27_18-48-34/dave_the_diver/2026-01-27_19-10-36_150ms
8,2026-01-27_18-48-34,dave_the_diver,2026-01-27_19-04-05_test,True,,True,False,False,True,False,False,../experiment/8/2026-01-27_18-48-34/dave_the_diver/2026-01-27_19-04-05_test
8,2026-01-27_18-48-34,dave_the_diver,2026-01-27_19-07-41_0ms,False,0.0,True,True,True,True,False,False,../experiment/8/2026-01-27_18-48-34/dave_the_diver/2026-01-27_19-07-41_0ms
8,2026-01-27_18-48-34,rocket_league,2026-01-27_18-58-18_0ms,False,0.0,True,True,True,False,False,True,../experiment/8/2026-01-27_18-48-34/rocket_league/2026-01-27_18-58-18_0ms
8,2026-01-27_18-48-34,rocket_league,2026-01-27_18-54-04_test,True,,True,False,False,False,False,True,../experiment/8/2026-01-27_18-48-34/rocket_league/2026-01-27_18-54-04_test
8,2026-01-27_18-48-34,rocket_league,2026-01-27_18-56-20_225ms,False,225.0,True,True,True,False,False,True,../experiment/8/2026-01-27_18-48-34/rocket_league/2026-01-27_18-56-20_225ms
8,2026-01-27_18-48-34,rocket_league,2026-01-27_19-02-08_150ms,False,150.0,True,True,True,False,False,True,../experiment/8/2026-01-27_18-48-34/rocket_league/2026-01-27_19-02-08_150ms
8,2026-01-27_18-48-34,rocket_league,2026-01-27_19-00-13_75ms,False,75.0,True,True,True,False,False,True,../experiment/8/2026-01-27_18-48-34/rocket_league/2026-01-27_19-00-13_75ms
8,2026-01-27_18-48-34,half_life_2,2026-01-27_19-14-21_75ms,False,75.0,True,True,True,True,False,False,../experiment/8/2026-01-27_18-48-34/half_life_2/2026-01-27_19-14-21_75ms
8,2026-01-27_18-48-34,half_life_2,2026-01-27_19-13-44_0ms,False,0.0,True,True,True,True,False,False,../experiment/8/2026-01-27_18-48-34/half_life_2/2026-01-27_19-13-44_0ms
8,2026-01-27_18-48-34,half_life_2,2026-01-27_19-13-07_225ms,False,225.0,True,True,True,True,False,False,../experiment/8/2026-01-27_18-48-34/half_life_2/2026-01-27_19-13-07_225ms
8,2026-01-27_18-48-34,half_life_2,2026-01-27_19-12-06_test,True,,True,False,False,True,False,False,../experiment/8/2026-01-27_18-48-34/half_life_2/2026-01-27_19-12-06_test
8,2026-01-27_18-48-34,half_life_2,2026-01-27_19-15-00_150ms,False,150.0,True,True,True,True,False,False,../experiment/8/2026-01-27_18-48-34/half_life_2/2026-01-27_19-15-00_150ms
8,2026-01-27_18-48-34,fitts_law,2026-01-27_19-17-41_75ms,False,75.0,True,True,True,False,True,False,../experiment/8/2026-01-27_18-48-34/fitts_law/2026-01-27_19-17-41_75ms
8,2026-01-27_18-48-34,fitts_law,2026-01-27_19-15-38_test,True,,True,False,False,False,True,False,../experiment/8/2026-01-27_18-48-34/fitts_law/2026-01-27_19-15-38_test
8,2026-01-27_18-48-34,fitts_law,2026-01-27_19-16-20_225ms,False,225.0,True,True,True,False,True,False,../experiment/8/2026-01-27_18-48-34/fitts_law/2026-01-27_19-16-20_225ms
8,2026-01-27_18-48-34,fitts_law,2026-01-27_19-17-01_0ms,False,0.0,True,True,True,False,True,False,../experiment/8/2026-01-27_18-48-34/fitts_law/2026-01-27_19-17-01_0ms
8,2026-01-27_18-48-34,fitts_law,2026-01-27_19-18-22_150ms,False,150.0,True,True,True,False,True,False,../experiment/8/2026-01-27_18-48-34/fitts_law/2026-01-27_19-18-22_150ms
8,2026-01-27_18-48-34,feeding_frenzy,2026-01-27_18-51-27_0ms,False,0.0,True,True,True,True,False,False,../experiment/8/2026-01-27_18-48-34/feeding_frenzy/2026-01-27_18-51-27_0ms
8,2026-01-27_18-48-34,feeding_frenzy,2026-01-27_18-50-17_225ms,False,225.0,True,True,True,True,False,False,../experiment/8/2026-01-27_18-48-34/feeding_frenzy/2026-01-27_18-50-17_225ms
8,2026-01-27_18-48-34,feeding_frenzy,2026-01-27_18-48-55_test,True,,True,False,False,True,False,False,../experiment/8/2026-01-27_18-48-34/feeding_frenzy/2026-01-27_18-48-55_test
8,2026-01-27_18-48-34,feeding_frenzy,2026-01-27_18-52-19_75ms,False,75.0,True,True,True,True,False,False,../experiment/8/2026-01-27_18-48-34/feeding_frenzy/2026-01-27_18-52-19_75ms
8,2026-01-27_18-48-34,feeding_frenzy,2026-01-27_18-53-10_150ms,False,150.0,True,True,True,True,False,False,../experiment/8/2026-01-27_18-48-34/feeding_frenzy/2026-01-27_18-53-10_150ms
9,2026-01-28_14-02-39,dave_the_diver,2026-01-28_14-19-26_225ms,False,225.0,True,True,True,True,False,False,../experiment/9/2026-01-28_14-02-39/dave_the_diver/2026-01-28_14-19-26_225ms
9,2026-01-28_14-02-39,dave_the_diver,2026-01-28_14-15-05_0ms,False,0.0,True,True,True,True,False,False,../experiment/9/2026-01-28_14-02-39/dave_the_diver/2026-01-28_14-15-05_0ms
9,2026-01-28_14-02-39,dave_the_diver,2026-01-28_14-17-59_150ms,False,150.0,True,True,True,True,False,False,../experiment/9/2026-01-28_14-02-39/dave_the_diver/2026-01-28_14-17-59_150ms
9,2026-01-28_14-02-39,dave_the_diver,2026-01-28_14-12-56_test,True,,True,False,False,True,False,False,../experiment/9/2026-01-28_14-02-39/dave_the_diver/2026-01-28_14-12-56_test
9,2026-01-28_14-02-39,dave_the_diver,2026-01-28_14-16-29_75ms,False,75.0,True,True,True,True,False,False,../experiment/9/2026-01-28_14-02-39/dave_the_diver/2026-01-28_14-16-29_75ms
9,2026-01-28_14-02-39,rocket_league,2026-01-28_14-10-59_225ms,False,225.0,True,True,True,False,False,False,../experiment/9/2026-01-28_14-02-39/rocket_league/2026-01-28_14-10-59_225ms
9,2026-01-28_14-02-39,rocket_league,2026-01-28_14-09-02_150ms,False,150.0,True,True,True,False,False,True,../experiment/9/2026-01-28_14-02-39/rocket_league/2026-01-28_14-09-02_150ms
9,2026-01-28_14-02-39,rocket_league,2026-01-28_14-02-42_test,True,,True,False,False,False,False,True,../experiment/9/2026-01-28_14-02-39/rocket_league/2026-01-28_14-02-42_test
9,2026-01-28_14-02-39,rocket_league,2026-01-28_14-05-12_0ms,False,0.0,True,True,True,False,False,True,../experiment/9/2026-01-28_14-02-39/rocket_league/2026-01-28_14-05-12_0ms
9,2026-01-28_14-02-39,rocket_league,2026-01-28_14-07-07_75ms,False,75.0,True,True,True,False,False,True,../experiment/9/2026-01-28_14-02-39/rocket_league/2026-01-28_14-07-07_75ms
9,2026-01-28_14-02-39,half_life_2,2026-01-28_14-23-40_225ms,False,225.0,True,True,True,True,False,False,../experiment/9/2026-01-28_14-02-39/half_life_2/2026-01-28_14-23-40_225ms
9,2026-01-28_14-02-39,half_life_2,2026-01-28_14-23-04_150ms,False,150.0,True,True,True,True,False,False,../experiment/9/2026-01-28_14-02-39/half_life_2/2026-01-28_14-23-04_150ms
9,2026-01-28_14-02-39,half_life_2,2026-01-28_14-20-57_test,True,,True,False,False,True,False,False,../experiment/9/2026-01-28_14-02-39/half_life_2/2026-01-28_14-20-57_test
9,2026-01-28_14-02-39,half_life_2,2026-01-28_14-22-28_75ms,False,75.0,True,True,True,True,False,False,../experiment/9/2026-01-28_14-02-39/half_life_2/2026-01-28_14-22-28_75ms
9,2026-01-28_14-02-39,half_life_2,2026-01-28_14-21-53_0ms,False,0.0,True,True,True,True,False,False,../experiment/9/2026-01-28_14-02-39/half_life_2/2026-01-28_14-21-53_0ms
9,2026-01-28_14-02-39,fitts_law,2026-01-28_14-25-36_75ms,False,75.0,True,True,True,False,True,False,../experiment/9/2026-01-28_14-02-39/fitts_law/2026-01-28_14-25-36_75ms
9,2026-01-28_14-02-39,fitts_law,2026-01-28_14-26-16_150ms,False,150.0,True,True,True,False,True,False,../experiment/9/2026-01-28_14-02-39/fitts_law/2026-01-28_14-26-16_150ms
9,2026-01-28_14-02-39,fitts_law,2026-01-28_14-26-54_225ms,False,225.0,True,True,True,False,True,False,../experiment/9/2026-01-28_14-02-39/fitts_law/2026-01-28_14-26-54_225ms
9,2026-01-28_14-02-39,fitts_law,2026-01-28_14-24-16_test,True,,True,False,False,False,True,False,../experiment/9/2026-01-28_14-02-39/fitts_law/2026-01-28_14-24-16_test
9,2026-01-28_14-02-39,fitts_law,2026-01-28_14-24-56_0ms,False,0.0,True,True,True,False,True,False,../experiment/9/2026-01-28_14-02-39/fitts_law/2026-01-28_14-24-56_0ms
9,2026-01-28_14-02-39,feeding_frenzy,2026-01-28_14-27-33_test,True,,True,False,False,True,False,False,../experiment/9/2026-01-28_14-02-39/feeding_frenzy/2026-01-28_14-27-33_test
9,2026-01-28_14-02-39,feeding_frenzy,2026-01-28_14-29-21_75ms,False,75.0,True,True,True,True,False,False,../experiment/9/2026-01-28_14-02-39/feeding_frenzy/2026-01-28_14-29-21_75ms
9,2026-01-28_14-02-39,feeding_frenzy,2026-01-28_14-30-59_225ms,False,225.0,True,True,True,True,False,False,../experiment/9/2026-01-28_14-02-39/feeding_frenzy/2026-01-28_14-30-59_225ms
9,2026-01-28_14-02-39,feeding_frenzy,2026-01-28_14-28-31_0ms,False,0.0,True,True,True,True,False,False,../experiment/9/2026-01-28_14-02-39/feeding_frenzy/2026-01-28_14-28-31_0ms
9,2026-01-28_14-02-39,feeding_frenzy,2026-01-28_14-30-10_150ms,False,150.0,True,True,True,True,False,False,../experiment/9/2026-01-28_14-02-39/feeding_frenzy/2026-01-28_14-30-10_150ms
